name,url
Whimsymaxxing,https://www.instagram.com/reel/DcZseTIvgJX/
Ring My Bell,https://www.instagram.com/reel/DcJkva7turE/
Less Than a Lover,https://www.instagram.com/reel/DcA1vxCBLVH/
Two Best Friends,https://www.instagram.com/reel/Db3n68GqpP9/
Professional but also,https://www.instagram.com/reel/DaBDpRjMUZp/
The push,https://www.instagram.com/reel/DcL57x3xuBq/
Yummy Little Day,https://www.instagram.com/reel/DcTYuqMxqXN/
POV your phone is ringing,https://www.instagram.com/reel/DcaSZjkuOd3/
Bad Dream,https://www.instagram.com/reel/DbpuhiDv3UZ/
Timber,https://www.instagram.com/reel/DcL5yicAYju/
